model_id,dataset,image_id,image_file,prompt,score_threshold,r_squared,rmse,mape,errors,gt_values,count_accuracy_avg,count_accuracy_sd,ap_iou_50_95,ap_iou_50,ap_iou_75,ap_small,ap_medium,ap_large,ar_max_1,ar_max_10,ar_max_100,ar_small,ar_medium,ar_large
owlv2,1,1,SAGIT22_C_4175_2022_05_27-65-19.tif,plant,0,nan,15.0,93.75,[15],[16],0.0625,0.0,0.0,0.0,0.0,0.0,0.0,0.0,0.0,0.0,0.0,0.0,0.0,0.0
owlv2,1,2,SAGIT22_C_4175_2022_05_27-25-21.tif,plant,0,nan,8.0,88.88888888888889,[8],[9],0.11111111111111116,0.0,0.0,0.0,0.0,0.0,0.0,0.0,0.0,0.0,0.0,0.0,0.0,0.0
owlv2,1,3,SAGIT22_C_4175_2022_05_27-53-22.tif,plant,0,nan,15.0,93.75,[15],[16],0.0625,0.0,0.0,0.0,0.0,0.0,0.0,0.0,0.0,0.0,0.0,0.0,0.0,0.0
owlv2,1,4,SAGIT22_C_4175_2022_05_27-32-30.tif,plant,0,nan,7.0,87.5,[7],[8],0.125,0.0,0.0,0.0,0.0,0.0,-1.0,-1.0,0.0,0.0,0.0,0.0,-1.0,-1.0
owlv2,1,5,SAGIT22_C_4175_2022_05_27-34-45.tif,plant,0,nan,14.0,93.33333333333333,[14],[15],0.06666666666666665,0.0,0.0,0.0,0.0,0.0,0.0,0.0,0.0,0.0,0.0,0.0,0.0,0.0
owlv2,1,6,SAGIT22_C_4175_2022_05_27-68-45.tif,plant,0,nan,12.0,92.3076923076923,[12],[13],0.07692307692307687,0.0,0.0,0.0,0.0,0.0,0.0,0.0,0.0,0.0,0.0,0.0,0.0,0.0
owlv2,1,7,SAGIT22_C_4175_2022_05_27-67-57.tif,plant,0,nan,15.0,93.75,[15],[16],0.0625,0.0,0.0,0.0,0.0,0.0,0.0,0.0,0.0,0.0,0.0,0.0,0.0,0.0
owlv2,1,8,SAGIT22_C_4175_2022_05_27-35-60.tif,plant,0,nan,14.0,93.33333333333333,[14],[15],0.06666666666666665,0.0,0.0,0.0,0.0,0.0,0.0,0.0,0.0,0.0,0.0,0.0,0.0,0.0
owlv2,1,9,SAGIT22_C_4175_2022_05_27-75-67.tif,plant,0,nan,13.0,92.85714285714286,[13],[14],0.0714285714285714,0.0,0.0,0.0,0.0,0.0,0.0,0.0,0.0,0.0,0.0,0.0,0.0,0.0
owlv2,1,10,SAGIT22_C_4175_2022_05_27-35-78.tif,plant,0,nan,12.0,92.3076923076923,[12],[13],0.07692307692307687,0.0,0.0,0.0,0.0,0.0,0.0,0.0,0.0,0.0,0.0,0.0,0.0,0.0
owlv2,1,11,SAGIT22_C_4175_2022_05_27-44-97.tif,plant,0,nan,13.0,92.85714285714286,[13],[14],0.0714285714285714,0.0,0.0,0.0,0.0,0.0,0.0,0.0,0.0,0.0,0.0,0.0,0.0,0.0
owlv2,1,12,SAGIT22_C_4175_2022_05_27-65-111.tif,plant,0,nan,14.0,93.33333333333333,[14],[15],0.06666666666666665,0.0,0.0,0.0,0.0,0.0,-1.0,-1.0,0.0,0.0,0.0,0.0,-1.0,-1.0
owlv2,1,1,SAGIT22_C_4175_2022_05_27-65-19.tif,maize,0,nan,15.0,93.75,[15],[16],0.0625,0.0,0.0,0.0,0.0,0.0,0.0,0.0,0.0,0.0,0.0,0.0,0.0,0.0
owlv2,1,2,SAGIT22_C_4175_2022_05_27-25-21.tif,maize,0,nan,8.0,88.88888888888889,[8],[9],0.11111111111111116,0.0,0.0,0.0,0.0,0.0,0.0,0.0,0.0,0.0,0.0,0.0,0.0,0.0
owlv2,1,3,SAGIT22_C_4175_2022_05_27-53-22.tif,maize,0,nan,15.0,93.75,[15],[16],0.0625,0.0,0.0,0.0,0.0,0.0,0.0,0.0,0.0,0.0,0.0,0.0,0.0,0.0
owlv2,1,4,SAGIT22_C_4175_2022_05_27-32-30.tif,maize,0,nan,7.0,87.5,[7],[8],0.125,0.0,0.0,0.0,0.0,0.0,0.0,0.0,0.0,0.0,0.0,0.0,0.0,0.0
owlv2,1,5,SAGIT22_C_4175_2022_05_27-34-45.tif,maize,0,nan,14.0,93.33333333333333,[14],[15],0.06666666666666665,0.0,0.0,0.0,0.0,0.0,0.0,0.0,0.0,0.0,0.0,0.0,0.0,0.0
owlv2,1,6,SAGIT22_C_4175_2022_05_27-68-45.tif,maize,0,nan,12.0,92.3076923076923,[12],[13],0.07692307692307687,0.0,0.0,0.0,0.0,0.0,0.0,0.0,0.0,0.0,0.0,0.0,0.0,0.0
owlv2,1,7,SAGIT22_C_4175_2022_05_27-67-57.tif,maize,0,nan,15.0,93.75,[15],[16],0.0625,0.0,0.0,0.0,0.0,0.0,0.0,0.0,0.0,0.0,0.0,0.0,0.0,0.0
owlv2,1,8,SAGIT22_C_4175_2022_05_27-35-60.tif,maize,0,nan,14.0,93.33333333333333,[14],[15],0.06666666666666665,0.0,0.0,0.0,0.0,0.0,0.0,0.0,0.0,0.0,0.0,0.0,0.0,0.0
owlv2,1,9,SAGIT22_C_4175_2022_05_27-75-67.tif,maize,0,nan,13.0,92.85714285714286,[13],[14],0.0714285714285714,0.0,0.0,0.0,0.0,0.0,0.0,0.0,0.0,0.0,0.0,0.0,0.0,0.0
owlv2,1,10,SAGIT22_C_4175_2022_05_27-35-78.tif,maize,0,nan,12.0,92.3076923076923,[12],[13],0.07692307692307687,0.0,0.0,0.0,0.0,0.0,0.0,0.0,0.0,0.0,0.0,0.0,0.0,0.0
owlv2,1,11,SAGIT22_C_4175_2022_05_27-44-97.tif,maize,0,nan,13.0,92.85714285714286,[13],[14],0.0714285714285714,0.0,0.0,0.0,0.0,0.0,0.0,0.0,0.0,0.0,0.0,0.0,0.0,0.0
owlv2,1,12,SAGIT22_C_4175_2022_05_27-65-111.tif,maize,0,nan,14.0,93.33333333333333,[14],[15],0.06666666666666665,0.0,0.0,0.0,0.0,0.0,-1.0,-1.0,0.0,0.0,0.0,0.0,-1.0,-1.0
owlv2,1,1,SAGIT22_C_4175_2022_05_27-65-19.tif,seedling,0,nan,15.0,93.75,[15],[16],0.0625,0.0,0.006930693069306929,0.06930693069306929,0.0,0.006930693069306929,-1.0,-1.0,0.00625,0.00625,0.00625,0.00625,-1.0,-1.0
owlv2,1,2,SAGIT22_C_4175_2022_05_27-25-21.tif,seedling,0,nan,8.0,88.88888888888889,[8],[9],0.11111111111111116,0.0,0.023762376237623756,0.11881188118811878,0.0,0.025742574257425734,0.0,-1.0,0.02222222222222222,0.02222222222222222,0.02222222222222222,0.025,0.0,-1.0
owlv2,1,3,SAGIT22_C_4175_2022_05_27-53-22.tif,seedling,0,nan,15.0,93.75,[15],[16],0.0625,0.0,0.0,0.0,0.0,0.0,-1.0,-1.0,0.0,0.0,0.0,0.0,-1.0,-1.0
owlv2,1,4,SAGIT22_C_4175_2022_05_27-32-30.tif,seedling,0,nan,7.0,87.5,[7],[8],0.125,0.0,0.0,0.0,0.0,0.0,-1.0,-1.0,0.0,0.0,0.0,0.0,-1.0,-1.0
owlv2,1,5,SAGIT22_C_4175_2022_05_27-34-45.tif,seedling,0,nan,14.0,93.33333333333333,[14],[15],0.06666666666666665,0.0,0.0,0.0,0.0,0.0,-1.0,-1.0,0.0,0.0,0.0,0.0,-1.0,-1.0
owlv2,1,6,SAGIT22_C_4175_2022_05_27-68-45.tif,seedling,0,nan,12.0,92.3076923076923,[12],[13],0.07692307692307687,0.0,0.01584158415841584,0.0792079207920792,0.0,0.01584158415841584,-1.0,-1.0,0.015384615384615385,0.015384615384615385,0.015384615384615385,0.015384615384615385,-1.0,-1.0
owlv2,1,7,SAGIT22_C_4175_2022_05_27-67-57.tif,seedling,0,nan,15.0,93.75,[15],[16],0.0625,0.0,0.0,0.0,0.0,0.0,-1.0,-1.0,0.0,0.0,0.0,0.0,-1.0,-1.0
owlv2,1,8,SAGIT22_C_4175_2022_05_27-35-60.tif,seedling,0,nan,14.0,93.33333333333333,[14],[15],0.06666666666666665,0.0,0.006930693069306929,0.06930693069306929,0.0,0.006930693069306929,-1.0,-1.0,0.006666666666666666,0.006666666666666666,0.006666666666666666,0.006666666666666666,-1.0,-1.0
owlv2,1,9,SAGIT22_C_4175_2022_05_27-75-67.tif,seedling,0,nan,13.0,92.85714285714286,[13],[14],0.0714285714285714,0.0,0.00792079207920792,0.0792079207920792,0.0,0.00792079207920792,0.0,-1.0,0.007142857142857143,0.007142857142857143,0.007142857142857143,0.007692307692307693,0.0,-1.0
owlv2,1,10,SAGIT22_C_4175_2022_05_27-35-78.tif,seedling,0,nan,12.0,92.3076923076923,[12],[13],0.07692307692307687,0.0,0.00792079207920792,0.0792079207920792,0.0,0.00792079207920792,-1.0,-1.0,0.007692307692307693,0.007692307692307693,0.007692307692307693,0.007692307692307693,-1.0,-1.0
owlv2,1,11,SAGIT22_C_4175_2022_05_27-44-97.tif,seedling,0,nan,13.0,92.85714285714286,[13],[14],0.0714285714285714,0.0,0.0,0.0,0.0,0.0,0.0,0.0,0.0,0.0,0.0,0.0,0.0,0.0
owlv2,1,12,SAGIT22_C_4175_2022_05_27-65-111.tif,seedling,0,nan,14.0,93.33333333333333,[14],[15],0.06666666666666665,0.0,0.0,0.0,0.0,0.0,-1.0,-1.0,0.0,0.0,0.0,0.0,-1.0,-1.0
owlv2,2,1,SAGIT22_C_4178_2022_04_29-35-15.tif,plant,0,nan,7.0,87.5,[7],[8],0.125,0.0,0.0,0.0,0.0,0.0,0.0,0.0,0.0,0.0,0.0,0.0,0.0,0.0
owlv2,2,2,SAGIT22_C_4178_2022_04_29-78-24.tif,plant,0,nan,11.0,91.66666666666666,[11],[12],0.08333333333333337,0.0,0.0,0.0,0.0,0.0,0.0,0.0,0.0,0.0,0.0,0.0,0.0,0.0
owlv2,2,3,SAGIT22_C_4178_2022_04_29-44-25.tif,plant,0,nan,14.0,93.33333333333333,[14],[15],0.06666666666666665,0.0,0.0,0.0,0.0,0.0,0.0,0.0,0.0,0.0,0.0,0.0,0.0,0.0
owlv2,2,4,SAGIT22_C_4178_2022_04_29-91-25.tif,plant,0,nan,14.0,93.33333333333333,[14],[15],0.06666666666666665,0.0,0.0,0.0,0.0,0.0,0.0,0.0,0.0,0.0,0.0,0.0,0.0,0.0
owlv2,2,5,SAGIT22_C_4178_2022_04_29-29-26.tif,plant,0,nan,12.0,92.3076923076923,[12],[13],0.07692307692307687,0.0,0.0,0.0,0.0,0.0,0.0,0.0,0.0,0.0,0.0,0.0,0.0,0.0
owlv2,2,6,SAGIT22_C_4178_2022_04_29-54-27.tif,plant,0,nan,11.0,91.66666666666666,[11],[12],0.08333333333333337,0.0,0.0,0.0,0.0,0.0,0.0,0.0,0.0,0.0,0.0,0.0,0.0,0.0
owlv2,2,7,SAGIT22_C_4178_2022_04_29-63-31.tif,plant,0,nan,14.0,93.33333333333333,[14],[15],0.06666666666666665,0.0,0.0,0.0,0.0,0.0,0.0,0.0,0.0,0.0,0.0,0.0,0.0,0.0
owlv2,2,8,SAGIT22_C_4178_2022_04_29-22-35.tif,plant,0,nan,12.0,92.3076923076923,[12],[13],0.07692307692307687,0.0,0.0,0.0,0.0,0.0,0.0,0.0,0.0,0.0,0.0,0.0,0.0,0.0
owlv2,2,9,SAGIT22_C_4178_2022_04_29-30-37.tif,plant,0,nan,10.0,90.9090909090909,[10],[11],0.09090909090909094,0.0,0.0,0.0,0.0,0.0,0.0,0.0,0.0,0.0,0.0,0.0,0.0,0.0
owlv2,2,10,SAGIT22_C_4178_2022_04_29-78-38.tif,plant,0,nan,12.0,92.3076923076923,[12],[13],0.07692307692307687,0.0,0.0,0.0,0.0,0.0,0.0,0.0,0.0,0.0,0.0,0.0,0.0,0.0
owlv2,2,11,SAGIT22_C_4178_2022_04_29-46-39.tif,plant,0,nan,8.0,88.88888888888889,[8],[9],0.11111111111111116,0.0,0.0,0.0,0.0,0.0,0.0,0.0,0.0,0.0,0.0,0.0,0.0,0.0
owlv2,2,12,SAGIT22_C_4178_2022_04_29-87-39.tif,plant,0,nan,8.0,88.88888888888889,[8],[9],0.11111111111111116,0.0,0.0,0.0,0.0,0.0,0.0,0.0,0.0,0.0,0.0,0.0,0.0,0.0
owlv2,2,13,SAGIT22_C_4178_2022_04_29-35-45.tif,plant,0,nan,11.0,91.66666666666666,[11],[12],0.08333333333333337,0.0,0.0,0.0,0.0,0.0,0.0,0.0,0.0,0.0,0.0,0.0,0.0,0.0
owlv2,2,14,SAGIT22_C_4178_2022_04_29-61-46.tif,plant,0,nan,11.0,91.66666666666666,[11],[12],0.08333333333333337,0.0,0.0,0.0,0.0,0.0,0.0,0.0,0.0,0.0,0.0,0.0,0.0,0.0
owlv2,2,15,SAGIT22_C_4178_2022_04_29-27-50.tif,plant,0,nan,14.0,93.33333333333333,[14],[15],0.06666666666666665,0.0,0.0,0.0,0.0,0.0,0.0,0.0,0.0,0.0,0.0,0.0,0.0,0.0
owlv2,2,16,SAGIT22_C_4178_2022_04_29-49-53.tif,plant,0,nan,13.0,92.85714285714286,[13],[14],0.0714285714285714,0.0,0.0,0.0,0.0,0.0,0.0,0.0,0.0,0.0,0.0,0.0,0.0,0.0
owlv2,2,17,SAGIT22_C_4178_2022_04_29-72-54.tif,plant,0,nan,10.0,90.9090909090909,[10],[11],0.09090909090909094,0.0,0.0,0.0,0.0,0.0,0.0,0.0,0.0,0.0,0.0,0.0,0.0,0.0
owlv2,2,18,SAGIT22_C_4178_2022_04_29-59-59.tif,plant,0,nan,11.0,91.66666666666666,[11],[12],0.08333333333333337,0.0,0.0,0.0,0.0,0.0,0.0,0.0,0.0,0.0,0.0,0.0,0.0,0.0
owlv2,2,19,SAGIT22_C_4178_2022_04_29-47-60.tif,plant,0,nan,11.0,91.66666666666666,[11],[12],0.08333333333333337,0.0,0.0,0.0,0.0,0.0,0.0,0.0,0.0,0.0,0.0,0.0,0.0,0.0
owlv2,2,20,SAGIT22_C_4178_2022_04_29-68-73.tif,plant,0,nan,14.0,93.33333333333333,[14],[15],0.06666666666666665,0.0,0.0,0.0,0.0,0.0,0.0,0.0,0.0,0.0,0.0,0.0,0.0,0.0
owlv2,2,1,SAGIT22_C_4178_2022_04_29-35-15.tif,maize,0,nan,7.0,87.5,[7],[8],0.125,0.0,0.0,0.0,0.0,0.0,0.0,0.0,0.0,0.0,0.0,0.0,0.0,0.0
owlv2,2,2,SAGIT22_C_4178_2022_04_29-78-24.tif,maize,0,nan,11.0,91.66666666666666,[11],[12],0.08333333333333337,0.0,0.0,0.0,0.0,0.0,0.0,0.0,0.0,0.0,0.0,0.0,0.0,0.0
owlv2,2,3,SAGIT22_C_4178_2022_04_29-44-25.tif,maize,0,nan,14.0,93.33333333333333,[14],[15],0.06666666666666665,0.0,0.0,0.0,0.0,0.0,0.0,0.0,0.0,0.0,0.0,0.0,0.0,0.0
owlv2,2,4,SAGIT22_C_4178_2022_04_29-91-25.tif,maize,0,nan,14.0,93.33333333333333,[14],[15],0.06666666666666665,0.0,0.0,0.0,0.0,0.0,0.0,0.0,0.0,0.0,0.0,0.0,0.0,0.0
owlv2,2,5,SAGIT22_C_4178_2022_04_29-29-26.tif,maize,0,nan,12.0,92.3076923076923,[12],[13],0.07692307692307687,0.0,0.0,0.0,0.0,0.0,0.0,0.0,0.0,0.0,0.0,0.0,0.0,0.0
owlv2,2,6,SAGIT22_C_4178_2022_04_29-54-27.tif,maize,0,nan,11.0,91.66666666666666,[11],[12],0.08333333333333337,0.0,0.0,0.0,0.0,0.0,0.0,0.0,0.0,0.0,0.0,0.0,0.0,0.0
owlv2,2,7,SAGIT22_C_4178_2022_04_29-63-31.tif,maize,0,nan,14.0,93.33333333333333,[14],[15],0.06666666666666665,0.0,0.0,0.0,0.0,0.0,0.0,0.0,0.0,0.0,0.0,0.0,0.0,0.0
owlv2,2,8,SAGIT22_C_4178_2022_04_29-22-35.tif,maize,0,nan,12.0,92.3076923076923,[12],[13],0.07692307692307687,0.0,0.0,0.0,0.0,0.0,0.0,0.0,0.0,0.0,0.0,0.0,0.0,0.0
owlv2,2,9,SAGIT22_C_4178_2022_04_29-30-37.tif,maize,0,nan,10.0,90.9090909090909,[10],[11],0.09090909090909094,0.0,0.0,0.0,0.0,0.0,0.0,0.0,0.0,0.0,0.0,0.0,0.0,0.0
owlv2,2,10,SAGIT22_C_4178_2022_04_29-78-38.tif,maize,0,nan,12.0,92.3076923076923,[12],[13],0.07692307692307687,0.0,0.0,0.0,0.0,0.0,0.0,0.0,0.0,0.0,0.0,0.0,0.0,0.0
owlv2,2,11,SAGIT22_C_4178_2022_04_29-46-39.tif,maize,0,nan,8.0,88.88888888888889,[8],[9],0.11111111111111116,0.0,0.0,0.0,0.0,0.0,0.0,0.0,0.0,0.0,0.0,0.0,0.0,0.0
owlv2,2,12,SAGIT22_C_4178_2022_04_29-87-39.tif,maize,0,nan,8.0,88.88888888888889,[8],[9],0.11111111111111116,0.0,0.0,0.0,0.0,0.0,0.0,0.0,0.0,0.0,0.0,0.0,0.0,0.0
owlv2,2,13,SAGIT22_C_4178_2022_04_29-35-45.tif,maize,0,nan,11.0,91.66666666666666,[11],[12],0.08333333333333337,0.0,0.0,0.0,0.0,0.0,0.0,0.0,0.0,0.0,0.0,0.0,0.0,0.0
owlv2,2,14,SAGIT22_C_4178_2022_04_29-61-46.tif,maize,0,nan,11.0,91.66666666666666,[11],[12],0.08333333333333337,0.0,0.0,0.0,0.0,0.0,0.0,0.0,0.0,0.0,0.0,0.0,0.0,0.0
owlv2,2,15,SAGIT22_C_4178_2022_04_29-27-50.tif,maize,0,nan,14.0,93.33333333333333,[14],[15],0.06666666666666665,0.0,0.0,0.0,0.0,0.0,0.0,0.0,0.0,0.0,0.0,0.0,0.0,0.0
owlv2,2,16,SAGIT22_C_4178_2022_04_29-49-53.tif,maize,0,nan,13.0,92.85714285714286,[13],[14],0.0714285714285714,0.0,0.0,0.0,0.0,0.0,0.0,0.0,0.0,0.0,0.0,0.0,0.0,0.0
owlv2,2,17,SAGIT22_C_4178_2022_04_29-72-54.tif,maize,0,nan,10.0,90.9090909090909,[10],[11],0.09090909090909094,0.0,0.0,0.0,0.0,0.0,0.0,0.0,0.0,0.0,0.0,0.0,0.0,0.0
owlv2,2,18,SAGIT22_C_4178_2022_04_29-59-59.tif,maize,0,nan,11.0,91.66666666666666,[11],[12],0.08333333333333337,0.0,0.0,0.0,0.0,0.0,0.0,0.0,0.0,0.0,0.0,0.0,0.0,0.0
owlv2,2,19,SAGIT22_C_4178_2022_04_29-47-60.tif,maize,0,nan,11.0,91.66666666666666,[11],[12],0.08333333333333337,0.0,0.0,0.0,0.0,0.0,0.0,0.0,0.0,0.0,0.0,0.0,0.0,0.0
owlv2,2,20,SAGIT22_C_4178_2022_04_29-68-73.tif,maize,0,nan,14.0,93.33333333333333,[14],[15],0.06666666666666665,0.0,0.0,0.0,0.0,0.0,0.0,0.0,0.0,0.0,0.0,0.0,0.0,0.0
owlv2,2,1,SAGIT22_C_4178_2022_04_29-35-15.tif,seedling,0,nan,7.0,87.5,[7],[8],0.125,0.0,0.0,0.0,0.0,0.0,0.0,0.0,0.0,0.0,0.0,0.0,0.0,0.0
owlv2,2,2,SAGIT22_C_4178_2022_04_29-78-24.tif,seedling,0,nan,11.0,91.66666666666666,[11],[12],0.08333333333333337,0.0,0.0,0.0,0.0,0.0,0.0,0.0,0.0,0.0,0.0,0.0,0.0,0.0
owlv2,2,3,SAGIT22_C_4178_2022_04_29-44-25.tif,seedling,0,nan,14.0,93.33333333333333,[14],[15],0.06666666666666665,0.0,0.0,0.0,0.0,0.0,0.0,0.0,0.0,0.0,0.0,0.0,0.0,0.0
owlv2,2,4,SAGIT22_C_4178_2022_04_29-91-25.tif,seedling,0,nan,14.0,93.33333333333333,[14],[15],0.06666666666666665,0.0,0.0,0.0,0.0,0.0,0.0,0.0,0.0,0.0,0.0,0.0,0.0,0.0
owlv2,2,5,SAGIT22_C_4178_2022_04_29-29-26.tif,seedling,0,nan,12.0,92.3076923076923,[12],[13],0.07692307692307687,0.0,0.0,0.0,0.0,0.0,0.0,0.0,0.0,0.0,0.0,0.0,0.0,0.0
owlv2,2,6,SAGIT22_C_4178_2022_04_29-54-27.tif,seedling,0,nan,11.0,91.66666666666666,[11],[12],0.08333333333333337,0.0,0.0,0.0,0.0,0.0,0.0,0.0,0.0,0.0,0.0,0.0,0.0,0.0
owlv2,2,7,SAGIT22_C_4178_2022_04_29-63-31.tif,seedling,0,nan,14.0,93.33333333333333,[14],[15],0.06666666666666665,0.0,0.0,0.0,0.0,0.0,0.0,0.0,0.0,0.0,0.0,0.0,0.0,0.0
owlv2,2,8,SAGIT22_C_4178_2022_04_29-22-35.tif,seedling,0,nan,12.0,92.3076923076923,[12],[13],0.07692307692307687,0.0,0.0,0.0,0.0,0.0,0.0,0.0,0.0,0.0,0.0,0.0,0.0,0.0
owlv2,2,9,SAGIT22_C_4178_2022_04_29-30-37.tif,seedling,0,nan,10.0,90.9090909090909,[10],[11],0.09090909090909094,0.0,0.0,0.0,0.0,0.0,0.0,0.0,0.0,0.0,0.0,0.0,0.0,0.0
owlv2,2,10,SAGIT22_C_4178_2022_04_29-78-38.tif,seedling,0,nan,12.0,92.3076923076923,[12],[13],0.07692307692307687,0.0,0.0,0.0,0.0,0.0,0.0,0.0,0.0,0.0,0.0,0.0,0.0,0.0
owlv2,2,11,SAGIT22_C_4178_2022_04_29-46-39.tif,seedling,0,nan,8.0,88.88888888888889,[8],[9],0.11111111111111116,0.0,0.0,0.0,0.0,0.0,0.0,0.0,0.0,0.0,0.0,0.0,0.0,0.0
owlv2,2,12,SAGIT22_C_4178_2022_04_29-87-39.tif,seedling,0,nan,8.0,88.88888888888889,[8],[9],0.11111111111111116,0.0,0.0,0.0,0.0,0.0,0.0,0.0,0.0,0.0,0.0,0.0,0.0,0.0
owlv2,2,13,SAGIT22_C_4178_2022_04_29-35-45.tif,seedling,0,nan,11.0,91.66666666666666,[11],[12],0.08333333333333337,0.0,0.0,0.0,0.0,0.0,0.0,0.0,0.0,0.0,0.0,0.0,0.0,0.0
owlv2,2,14,SAGIT22_C_4178_2022_04_29-61-46.tif,seedling,0,nan,11.0,91.66666666666666,[11],[12],0.08333333333333337,0.0,0.0,0.0,0.0,0.0,0.0,0.0,0.0,0.0,0.0,0.0,0.0,0.0
owlv2,2,15,SAGIT22_C_4178_2022_04_29-27-50.tif,seedling,0,nan,14.0,93.33333333333333,[14],[15],0.06666666666666665,0.0,0.0,0.0,0.0,0.0,0.0,0.0,0.0,0.0,0.0,0.0,0.0,0.0
owlv2,2,16,SAGIT22_C_4178_2022_04_29-49-53.tif,seedling,0,nan,13.0,92.85714285714286,[13],[14],0.0714285714285714,0.0,0.0,0.0,0.0,0.0,0.0,0.0,0.0,0.0,0.0,0.0,0.0,0.0
owlv2,2,17,SAGIT22_C_4178_2022_04_29-72-54.tif,seedling,0,nan,10.0,90.9090909090909,[10],[11],0.09090909090909094,0.0,0.0,0.0,0.0,0.0,0.0,0.0,0.0,0.0,0.0,0.0,0.0,0.0
owlv2,2,18,SAGIT22_C_4178_2022_04_29-59-59.tif,seedling,0,nan,11.0,91.66666666666666,[11],[12],0.08333333333333337,0.0,0.0,0.0,0.0,0.0,0.0,0.0,0.0,0.0,0.0,0.0,0.0,0.0
owlv2,2,19,SAGIT22_C_4178_2022_04_29-47-60.tif,seedling,0,nan,11.0,91.66666666666666,[11],[12],0.08333333333333337,0.0,0.0,0.0,0.0,0.0,0.0,0.0,0.0,0.0,0.0,0.0,0.0,0.0
owlv2,2,20,SAGIT22_C_4178_2022_04_29-68-73.tif,seedling,0,nan,14.0,93.33333333333333,[14],[15],0.06666666666666665,0.0,0.0,0.0,0.0,0.0,0.0,0.0,0.0,0.0,0.0,0.0,0.0,0.0
owlv2,3,1,SAGIT22_C_4178_2022_05_10-48-40.tif,plant,0,nan,13.0,92.85714285714286,[13],[14],0.0714285714285714,0.0,0.0,0.0,0.0,0.0,0.0,0.0,0.0,0.0,0.0,0.0,0.0,0.0
owlv2,3,2,SAGIT22_C_4178_2022_05_10-84-41.tif,plant,0,nan,14.0,93.33333333333333,[14],[15],0.06666666666666665,0.0,0.0,0.0,0.0,0.0,0.0,0.0,0.0,0.0,0.0,0.0,0.0,0.0
owlv2,3,3,SAGIT22_C_4178_2022_05_10-66-43.tif,plant,0,nan,13.0,92.85714285714286,[13],[14],0.0714285714285714,0.0,0.0,0.0,0.0,0.0,0.0,0.0,0.0,0.0,0.0,0.0,0.0,0.0
owlv2,3,4,SAGIT22_C_4178_2022_05_10-55-48.tif,plant,0,nan,8.0,88.88888888888889,[8],[9],0.11111111111111116,0.0,0.0,0.0,0.0,0.0,0.0,0.0,0.0,0.0,0.0,0.0,0.0,0.0
owlv2,3,5,SAGIT22_C_4178_2022_05_10-80-53.tif,plant,0,nan,10.0,90.9090909090909,[10],[11],0.09090909090909094,0.0,0.009900990099009898,0.09900990099009897,0.0,0.010891089108910887,0.0,-1.0,0.00909090909090909,0.00909090909090909,0.00909090909090909,0.01,0.0,-1.0
owlv2,3,6,SAGIT22_C_4178_2022_05_10-41-57.tif,plant,0,nan,9.0,90.0,[9],[10],0.09999999999999998,0.0,0.0,0.0,0.0,0.0,0.0,0.0,0.0,0.0,0.0,0.0,0.0,0.0
owlv2,3,7,SAGIT22_C_4178_2022_05_10-71-59.tif,plant,0,nan,10.0,90.9090909090909,[10],[11],0.09090909090909094,0.0,0.0,0.0,0.0,0.0,0.0,0.0,0.0,0.0,0.0,0.0,0.0,0.0
owlv2,3,8,SAGIT22_C_4178_2022_05_10-41-66.tif,plant,0,nan,11.0,91.66666666666666,[11],[12],0.08333333333333337,0.0,0.0,0.0,0.0,0.0,0.0,0.0,0.0,0.0,0.0,0.0,0.0,0.0
owlv2,3,9,SAGIT22_C_4178_2022_05_10-59-66.tif,plant,0,nan,7.0,87.5,[7],[8],0.125,0.0,0.0,0.0,0.0,0.0,0.0,0.0,0.0,0.0,0.0,0.0,0.0,0.0
owlv2,3,10,SAGIT22_C_4178_2022_05_10-61-78.tif,plant,0,nan,14.0,93.33333333333333,[14],[15],0.06666666666666665,0.0,0.0,0.0,0.0,0.0,0.0,0.0,0.0,0.0,0.0,0.0,0.0,0.0
owlv2,3,11,SAGIT22_C_4178_2022_05_10-49-79.tif,plant,0,nan,14.0,93.33333333333333,[14],[15],0.06666666666666665,0.0,0.0,0.0,0.0,0.0,0.0,0.0,0.0,0.0,0.0,0.0,0.0,0.0
owlv2,3,12,SAGIT22_C_4178_2022_05_10-24-90.tif,plant,0,nan,12.0,92.3076923076923,[12],[13],0.07692307692307687,0.0,0.0,0.0,0.0,0.0,0.0,0.0,0.0,0.0,0.0,0.0,0.0,0.0
owlv2,3,13,SAGIT22_C_4178_2022_05_10-35-91.tif,plant,0,nan,10.0,90.9090909090909,[10],[11],0.09090909090909094,0.0,0.0,0.0,0.0,0.0,0.0,0.0,0.0,0.0,0.0,0.0,0.0,0.0
owlv2,3,14,SAGIT22_C_4178_2022_05_10-59-92.tif,plant,0,nan,13.0,92.85714285714286,[13],[14],0.0714285714285714,0.0,0.0,0.0,0.0,0.0,0.0,0.0,0.0,0.0,0.0,0.0,0.0,0.0
owlv2,3,15,SAGIT22_C_4178_2022_05_10-62-99.tif,plant,0,nan,10.0,90.9090909090909,[10],[11],0.09090909090909094,0.0,0.0,0.0,0.0,0.0,0.0,0.0,0.0,0.0,0.0,0.0,0.0,0.0
owlv2,3,16,SAGIT22_C_4178_2022_05_10-46-101.tif,plant,0,nan,13.0,92.85714285714286,[13],[14],0.0714285714285714,0.0,0.0,0.0,0.0,0.0,0.0,-1.0,0.0,0.0,0.0,0.0,0.0,-1.0
owlv2,3,1,SAGIT22_C_4178_2022_05_10-48-40.tif,maize,0,nan,13.0,92.85714285714286,[13],[14],0.0714285714285714,0.0,0.0,0.0,0.0,0.0,0.0,0.0,0.0,0.0,0.0,0.0,0.0,0.0
owlv2,3,2,SAGIT22_C_4178_2022_05_10-84-41.tif,maize,0,nan,14.0,93.33333333333333,[14],[15],0.06666666666666665,0.0,0.0,0.0,0.0,0.0,0.0,0.0,0.0,0.0,0.0,0.0,0.0,0.0
owlv2,3,3,SAGIT22_C_4178_2022_05_10-66-43.tif,maize,0,nan,13.0,92.85714285714286,[13],[14],0.0714285714285714,0.0,0.0,0.0,0.0,0.0,0.0,0.0,0.0,0.0,0.0,0.0,0.0,0.0
owlv2,3,4,SAGIT22_C_4178_2022_05_10-55-48.tif,maize,0,nan,8.0,88.88888888888889,[8],[9],0.11111111111111116,0.0,0.0,0.0,0.0,0.0,0.0,0.0,0.0,0.0,0.0,0.0,0.0,0.0
owlv2,3,5,SAGIT22_C_4178_2022_05_10-80-53.tif,maize,0,nan,10.0,90.9090909090909,[10],[11],0.09090909090909094,0.0,0.0,0.0,0.0,0.0,0.0,0.0,0.0,0.0,0.0,0.0,0.0,0.0
owlv2,3,6,SAGIT22_C_4178_2022_05_10-41-57.tif,maize,0,nan,9.0,90.0,[9],[10],0.09999999999999998,0.0,0.0,0.0,0.0,0.0,0.0,0.0,0.0,0.0,0.0,0.0,0.0,0.0
owlv2,3,7,SAGIT22_C_4178_2022_05_10-71-59.tif,maize,0,nan,10.0,90.9090909090909,[10],[11],0.09090909090909094,0.0,0.0,0.0,0.0,0.0,0.0,0.0,0.0,0.0,0.0,0.0,0.0,0.0
owlv2,3,8,SAGIT22_C_4178_2022_05_10-41-66.tif,maize,0,nan,11.0,91.66666666666666,[11],[12],0.08333333333333337,0.0,0.0,0.0,0.0,0.0,0.0,0.0,0.0,0.0,0.0,0.0,0.0,0.0
owlv2,3,9,SAGIT22_C_4178_2022_05_10-59-66.tif,maize,0,nan,7.0,87.5,[7],[8],0.125,0.0,0.0,0.0,0.0,0.0,0.0,0.0,0.0,0.0,0.0,0.0,0.0,0.0
owlv2,3,10,SAGIT22_C_4178_2022_05_10-61-78.tif,maize,0,nan,14.0,93.33333333333333,[14],[15],0.06666666666666665,0.0,0.0,0.0,0.0,0.0,0.0,0.0,0.0,0.0,0.0,0.0,0.0,0.0
owlv2,3,11,SAGIT22_C_4178_2022_05_10-49-79.tif,maize,0,nan,14.0,93.33333333333333,[14],[15],0.06666666666666665,0.0,0.0,0.0,0.0,0.0,0.0,0.0,0.0,0.0,0.0,0.0,0.0,0.0
owlv2,3,12,SAGIT22_C_4178_2022_05_10-24-90.tif,maize,0,nan,12.0,92.3076923076923,[12],[13],0.07692307692307687,0.0,0.0,0.0,0.0,0.0,0.0,0.0,0.0,0.0,0.0,0.0,0.0,0.0
owlv2,3,13,SAGIT22_C_4178_2022_05_10-35-91.tif,maize,0,nan,10.0,90.9090909090909,[10],[11],0.09090909090909094,0.0,0.0,0.0,0.0,0.0,0.0,0.0,0.0,0.0,0.0,0.0,0.0,0.0
owlv2,3,14,SAGIT22_C_4178_2022_05_10-59-92.tif,maize,0,nan,13.0,92.85714285714286,[13],[14],0.0714285714285714,0.0,0.0,0.0,0.0,0.0,0.0,0.0,0.0,0.0,0.0,0.0,0.0,0.0
owlv2,3,15,SAGIT22_C_4178_2022_05_10-62-99.tif,maize,0,nan,10.0,90.9090909090909,[10],[11],0.09090909090909094,0.0,0.0,0.0,0.0,0.0,0.0,0.0,0.0,0.0,0.0,0.0,0.0,0.0
owlv2,3,16,SAGIT22_C_4178_2022_05_10-46-101.tif,maize,0,nan,13.0,92.85714285714286,[13],[14],0.0714285714285714,0.0,0.0,0.0,0.0,0.0,0.0,0.0,0.0,0.0,0.0,0.0,0.0,0.0
owlv2,3,1,SAGIT22_C_4178_2022_05_10-48-40.tif,seedling,0,nan,13.0,92.85714285714286,[13],[14],0.0714285714285714,0.0,0.0,0.0,0.0,0.0,0.0,0.0,0.0,0.0,0.0,0.0,0.0,0.0
owlv2,3,2,SAGIT22_C_4178_2022_05_10-84-41.tif,seedling,0,nan,14.0,93.33333333333333,[14],[15],0.06666666666666665,0.0,0.0,0.0,0.0,0.0,0.0,0.0,0.0,0.0,0.0,0.0,0.0,0.0
owlv2,3,3,SAGIT22_C_4178_2022_05_10-66-43.tif,seedling,0,nan,13.0,92.85714285714286,[13],[14],0.0714285714285714,0.0,0.0,0.0,0.0,0.0,0.0,0.0,0.0,0.0,0.0,0.0,0.0,0.0
owlv2,3,4,SAGIT22_C_4178_2022_05_10-55-48.tif,seedling,0,nan,8.0,88.88888888888889,[8],[9],0.11111111111111116,0.0,0.0,0.0,0.0,0.0,0.0,0.0,0.0,0.0,0.0,0.0,0.0,0.0
owlv2,3,5,SAGIT22_C_4178_2022_05_10-80-53.tif,seedling,0,nan,10.0,90.9090909090909,[10],[11],0.09090909090909094,0.0,0.019801980198019795,0.09900990099009897,0.0,0.021782178217821774,0.0,-1.0,0.01818181818181818,0.01818181818181818,0.01818181818181818,0.02,0.0,-1.0
owlv2,3,6,SAGIT22_C_4178_2022_05_10-41-57.tif,seedling,0,nan,9.0,90.0,[9],[10],0.09999999999999998,0.0,0.0,0.0,0.0,0.0,0.0,0.0,0.0,0.0,0.0,0.0,0.0,0.0
owlv2,3,7,SAGIT22_C_4178_2022_05_10-71-59.tif,seedling,0,nan,10.0,90.9090909090909,[10],[11],0.09090909090909094,0.0,0.0,0.0,0.0,0.0,0.0,0.0,0.0,0.0,0.0,0.0,0.0,0.0
owlv2,3,8,SAGIT22_C_4178_2022_05_10-41-66.tif,seedling,0,nan,11.0,91.66666666666666,[11],[12],0.08333333333333337,0.0,0.0,0.0,0.0,0.0,0.0,0.0,0.0,0.0,0.0,0.0,0.0,0.0
owlv2,3,9,SAGIT22_C_4178_2022_05_10-59-66.tif,seedling,0,nan,7.0,87.5,[7],[8],0.125,0.0,0.0,0.0,0.0,0.0,0.0,0.0,0.0,0.0,0.0,0.0,0.0,0.0
owlv2,3,10,SAGIT22_C_4178_2022_05_10-61-78.tif,seedling,0,nan,14.0,93.33333333333333,[14],[15],0.06666666666666665,0.0,0.0,0.0,0.0,0.0,0.0,0.0,0.0,0.0,0.0,0.0,0.0,0.0
owlv2,3,11,SAGIT22_C_4178_2022_05_10-49-79.tif,seedling,0,nan,14.0,93.33333333333333,[14],[15],0.06666666666666665,0.0,0.0,0.0,0.0,0.0,0.0,0.0,0.0,0.0,0.0,0.0,0.0,0.0
owlv2,3,12,SAGIT22_C_4178_2022_05_10-24-90.tif,seedling,0,nan,12.0,92.3076923076923,[12],[13],0.07692307692307687,0.0,0.0,0.0,0.0,0.0,0.0,0.0,0.0,0.0,0.0,0.0,0.0,0.0
owlv2,3,13,SAGIT22_C_4178_2022_05_10-35-91.tif,seedling,0,nan,10.0,90.9090909090909,[10],[11],0.09090909090909094,0.0,0.0,0.0,0.0,0.0,0.0,0.0,0.0,0.0,0.0,0.0,0.0,0.0
owlv2,3,14,SAGIT22_C_4178_2022_05_10-59-92.tif,seedling,0,nan,13.0,92.85714285714286,[13],[14],0.0714285714285714,0.0,0.0,0.0,0.0,0.0,0.0,0.0,0.0,0.0,0.0,0.0,0.0,0.0
owlv2,3,15,SAGIT22_C_4178_2022_05_10-62-99.tif,seedling,0,nan,10.0,90.9090909090909,[10],[11],0.09090909090909094,0.0,0.0,0.0,0.0,0.0,0.0,0.0,0.0,0.0,0.0,0.0,0.0,0.0
owlv2,3,16,SAGIT22_C_4178_2022_05_10-46-101.tif,seedling,0,nan,13.0,92.85714285714286,[13],[14],0.0714285714285714,0.0,0.0,0.0,0.0,0.0,0.0,0.0,0.0,0.0,0.0,0.0,0.0,0.0
